{"name":"6191f62a-3a71-4cff-84ef-6402b539dae2","id":"/providers/Microsoft.Flow/flows/6191f62a-3a71-4cff-84ef-6402b539dae2","type":"Microsoft.Flow/flows","properties":{"apiId":"/providers/Microsoft.PowerApps/apis/shared_logicflows","displayName":"Copy of - Button -> Initialize variable,List rows present in a table,Apply to...","definition":{"metadata":{"workflowEntityId":null,"processAdvisorMetadata":null,"flowChargedByPaygo":null,"flowclientsuspensionreason":"None","flowclientsuspensiontime":null,"flowclientsuspensionreasondetails":null,"creator":{"id":"bd0d09c3-b79b-46a6-96fa-a8838c74f8af","type":"User","tenantId":"86fa9b45-7aa3-4070-8a54-edcef436bd44"},"provisioningMethod":"FromDefinition","failureAlertSubscription":true,"clientLastModifiedTime":"2023-07-12T17:51:35.4221347Z"},"$schema":"https://schema.management.azure.com/providers/Microsoft.Logic/schemas/2016-06-01/workflowdefinition.json#","contentVersion":"1.0.0.0","parameters":{"$connections":{"defaultValue":{},"type":"Object"},"$authentication":{"defaultValue":{},"type":"SecureObject"}},"triggers":{"manual":{"metadata":{"operationMetadataId":"4e950732-2aa2-4c30-8298-aa9d7fd291c6"},"type":"Request","kind":"Button","inputs":{"schema":{"type":"object","properties":{"location":{"type":"object","properties":{"fullAddress":{"title":"Full address","type":"string","x-ms-dynamically-added":false},"address":{"type":"object","properties":{"countryOrRegion":{"title":"Country/Region","type":"string","x-ms-dynamically-added":false},"city":{"title":"City","type":"string","x-ms-dynamically-added":false},"state":{"title":"State","type":"string","x-ms-dynamically-added":false},"street":{"title":"Street","type":"string","x-ms-dynamically-added":false},"postalCode":{"title":"Postal code","type":"string","x-ms-dynamically-added":false}},"required":["countryOrRegion","city","state","street","postalCode"]},"coordinates":{"type":"object","properties":{"latitude":{"title":"Latitude","type":"number","x-ms-dynamically-added":false},"longitude":{"title":"Longitude","type":"number","x-ms-dynamically-added":false}},"required":["latitude","longitude"]}}},"key-button-date":{"title":"Date","type":"string","x-ms-dynamically-added":false}},"required":["location","key-button-date"]},"headersSchema":{"x-ms-user-name-encoded":{"title":"User name","type":"string","format":"byte","x-ms-dynamically-added":false}}}}},"actions":{"Initialize_variable":{"runAfter":{},"metadata":{"operationMetadataId":"5b0129d7-2165-4f08-a9bb-f0312ab46b86"},"type":"InitializeVariable","inputs":{"variables":[{"name":"vName","type":"array"}]}},"List_rows_present_in_a_table":{"runAfter":{"Initialize_variable":["Succeeded"]},"metadata":{"01TCH7K63ACXGLERA2LZC2OB7Q73Z4LSXF":"/my schduele.xlsx","operationMetadataId":"6b4dcf5a-aba5-4d2b-b888-b34dc23acc24","tableId":"{1DD8A497-7A74-41C4-980F-314866B25C81}","01TCH7K6ZAEQJ7WYCFVVB3A4IMTFR2TTS2":"/my schduele.xlsx"},"type":"OpenApiConnection","inputs":{"host":{"apiId":"/providers/Microsoft.PowerApps/apis/shared_excelonlinebusiness","connectionName":"shared_excelonlinebusiness","operationId":"GetItems"},"parameters":{"source":"me","drive":"b!5tcgwBBZr0yXutdMjDYlDEyP-aMg2VZOo4JOKpvoutoZz132TaaYQKS26z69X_FO","file":"01TCH7K6ZAEQJ7WYCFVVB3A4IMTFR2TTS2","table":"{1DD8A497-7A74-41C4-980F-314866B25C81}"},"authentication":{"value":"@json(decodeBase64(triggerOutputs().headers['X-MS-APIM-Tokens']))['$ConnectionKey']","type":"Raw"}}},"Get_events_(V4)":{"runAfter":{"List_rows_present_in_a_table":["Succeeded"]},"metadata":{"operationMetadataId":"713049eb-f70a-4b9e-87ca-cc3d91acfa54"},"type":"OpenApiConnection","inputs":{"host":{"apiId":"/providers/Microsoft.PowerApps/apis/shared_office365","connectionName":"shared_office365","operationId":"V4CalendarGetItems"},"parameters":{"table":"AQMkAGZkZTgxMjliLWJlMDEtNDNhNS05NDI5LWMyZTYzZDU0OGFjNwBGAAADpLtemgBu5k6N14qhpRBDbwcAiTlR_M6lRUy0W0h6LxI9iwAAAgEGAAAAVg6Exglkn0_WqldWFhxUiwAAAiyOAAAA"},"authentication":{"value":"@json(decodeBase64(triggerOutputs().headers['X-MS-APIM-Tokens']))['$ConnectionKey']","type":"Raw"}}},"Apply_to_each":{"foreach":"@outputs('List_rows_present_in_a_table')?['body/value']","actions":{"Filter_array":{"runAfter":{},"trackedProperties":{},"metadata":{"operationMetadataId":"f64142b5-a879-49ef-a933-c5fd90ad2558"},"type":"Query","inputs":{"from":"@outputs('Get_events_(V4)')?['body/value']","where":"@equals(item()?['subject'], items('Apply_to_each')?['Subject'])"}},"Condition":{"actions":{"Apply_to_each_2":{"foreach":"@outputs('Get_events_(V4)')?['body/value']","actions":{"Apply_to_each_4":{"foreach":"@body('Filter_array')","actions":{"Update_event_(V4)":{"runAfter":{},"metadata":{"operationMetadataId":"ef1eb862-ab85-46c1-9fb8-95b97a8efdf9"},"type":"OpenApiConnection","inputs":{"host":{"apiId":"/providers/Microsoft.PowerApps/apis/shared_office365","connectionName":"shared_office365","operationId":"V4CalendarPatchItem"},"parameters":{"table":"AQMkAGZkZTgxMjliLWJlMDEtNDNhNS05NDI5LWMyZTYzZDU0OGFjNwBGAAADpLtemgBu5k6N14qhpRBDbwcAiTlR_M6lRUy0W0h6LxI9iwAAAgEGAAAAVg6Exglkn0_WqldWFhxUiwAAAiyOAAAA","id":"@items('Apply_to_each_4')?['id']","item/subject":"@items('Apply_to_each_4')?['subject']","item/start":"@items('Apply_to_each')?['Start DateTime']","item/end":"@items('Apply_to_each')?['End DateTime']","item/timeZone":"(UTC-06:00) Central Time (US & Canada)"},"authentication":{"value":"@json(decodeBase64(triggerOutputs().headers['X-MS-APIM-Tokens']))['$ConnectionKey']","type":"Raw"}}}},"runAfter":{},"metadata":{"operationMetadataId":"9ce927e8-c568-457a-b91c-86311826da92"},"type":"Foreach"}},"runAfter":{},"metadata":{"operationMetadataId":"83658143-80dc-4ced-83de-55a578fa5c07"},"type":"Foreach"}},"runAfter":{"Filter_array":["Succeeded"]},"else":{"actions":{"Create_event_(V4)":{"runAfter":{},"metadata":{"operationMetadataId":"c816fafa-2b13-4180-9445-be13e81f575b"},"type":"OpenApiConnection","inputs":{"host":{"apiId":"/providers/Microsoft.PowerApps/apis/shared_office365","connectionName":"shared_office365","operationId":"V4CalendarPostItem"},"parameters":{"table":"AQMkAGZkZTgxMjliLWJlMDEtNDNhNS05NDI5LWMyZTYzZDU0OGFjNwBGAAADpLtemgBu5k6N14qhpRBDbwcAiTlR_M6lRUy0W0h6LxI9iwAAAgEGAAAAVg6Exglkn0_WqldWFhxUiwAAAiyOAAAA","item/subject":"@items('Apply_to_each')?['Subject']","item/start":"@items('Apply_to_each')?['Start DateTime']","item/end":"@items('Apply_to_each')?['End DateTime']","item/timeZone":"(UTC-06:00) Central Time (US & Canada)"},"authentication":{"value":"@json(decodeBase64(triggerOutputs().headers['X-MS-APIM-Tokens']))['$ConnectionKey']","type":"Raw"}}}}},"expression":{"greater":["@length(body('Filter_array'))",0]},"trackedProperties":{},"metadata":{"operationMetadataId":"d42e0075-c365-490a-b862-2670e6b81699"},"type":"If"}},"runAfter":{"Get_events_(V4)":["Succeeded"]},"metadata":{"operationMetadataId":"29221ca5-81a7-43e9-bedd-2dd2b1ccc982"},"type":"Foreach"}},"outputs":{}},"connectionReferences":{"shared_excelonlinebusiness":{"connectionName":"shared-excelonlinebu-d4702799-a3e1-4a5a-8a8a-8df8bb966b4f","source":"Invoker","id":"/providers/Microsoft.PowerApps/apis/shared_excelonlinebusiness","tier":"NotSpecified"},"shared_office365":{"connectionName":"shared-office365-0ddd022d-da08-459e-bb8b-9411e13744e1","source":"Invoker","id":"/providers/Microsoft.PowerApps/apis/shared_office365","tier":"NotSpecified"}},"flowFailureAlertSubscribed":false,"isManaged":false}}